{
  "dataset": "FraudAmazon",
  "regime": "original",
  "ablation": "attr_only",
  "model": "LogisticRegression",
  "status": "ok",
  "n_nodes": 11944,
  "n_edges_perturbed": 9557648,
  "n_features": 25,
  "n_train": 6910,
  "n_test": 1729,
  "n_anomalies_total": 821,
  "n_anomalies_train": 637,
  "n_anomalies_test": 184,
  "feature_names": [
    "attr_0",
    "attr_1",
    "attr_2",
    "attr_3",
    "attr_4",
    "attr_5",
    "attr_6",
    "attr_7",
    "attr_8",
    "attr_9",
    "attr_10",
    "attr_11",
    "attr_12",
    "attr_13",
    "attr_14",
    "attr_15",
    "attr_16",
    "attr_17",
    "attr_18",
    "attr_19",
    "attr_20",
    "attr_21",
    "attr_22",
    "attr_23",
    "attr_24"
  ],
  "model_info": {
    "mode": "supervised"
  },
  "metrics": {
    "roc_auc": 0.9714753060363022,
    "pr_auc": 0.8816671062664769,
    "k_at_pos": 184,
    "hits_at_pos": 155,
    "precision_at_k_at_pos": 0.842391304347826,
    "recall_at_k_at_pos": 0.842391304347826,
    "hits_at_k_at_pos": 1.0,
    "k_at_1pct": 17,
    "hits_at_1pct": 16,
    "precision_at_k_at_1pct": 0.9411764705882353,
    "recall_at_k_at_1pct": 0.08695652173913043,
    "hits_at_k_at_1pct": 1.0,
    "k_at_5pct": 86,
    "hits_at_5pct": 83,
    "precision_at_k_at_5pct": 0.9651162790697675,
    "recall_at_k_at_5pct": 0.45108695652173914,
    "hits_at_k_at_5pct": 1.0,
    "k_at_10pct": 172,
    "hits_at_10pct": 148,
    "precision_at_k_at_10pct": 0.8604651162790697,
    "recall_at_k_at_10pct": 0.8043478260869565,
    "hits_at_k_at_10pct": 1.0
  },
  "runtime_sec": 0.0839996337890625,
  "created_at": "2026-05-17 14:56:30"
}