{
  "dataset": "FraudAmazon",
  "regime": "original",
  "ablation": "attr_only",
  "model": "IsolationForest",
  "status": "ok",
  "n_nodes": 11944,
  "n_edges_perturbed": 9557648,
  "n_features": 25,
  "n_train": 6910,
  "n_test": 1729,
  "n_anomalies_total": 821,
  "n_anomalies_train": 637,
  "n_anomalies_test": 184,
  "feature_names": [
    "attr_0",
    "attr_1",
    "attr_2",
    "attr_3",
    "attr_4",
    "attr_5",
    "attr_6",
    "attr_7",
    "attr_8",
    "attr_9",
    "attr_10",
    "attr_11",
    "attr_12",
    "attr_13",
    "attr_14",
    "attr_15",
    "attr_16",
    "attr_17",
    "attr_18",
    "attr_19",
    "attr_20",
    "attr_21",
    "attr_22",
    "attr_23",
    "attr_24"
  ],
  "model_info": {
    "mode": "unsupervised",
    "contamination": 0.09218523878437047
  },
  "metrics": {
    "roc_auc": 0.8373293935556494,
    "pr_auc": 0.3259883486454483,
    "k_at_pos": 184,
    "hits_at_pos": 65,
    "precision_at_k_at_pos": 0.3532608695652174,
    "recall_at_k_at_pos": 0.3532608695652174,
    "hits_at_k_at_pos": 1.0,
    "k_at_1pct": 17,
    "hits_at_1pct": 5,
    "precision_at_k_at_1pct": 0.29411764705882354,
    "recall_at_k_at_1pct": 0.02717391304347826,
    "hits_at_k_at_1pct": 1.0,
    "k_at_5pct": 86,
    "hits_at_5pct": 32,
    "precision_at_k_at_5pct": 0.37209302325581395,
    "recall_at_k_at_5pct": 0.17391304347826086,
    "hits_at_k_at_5pct": 1.0,
    "k_at_10pct": 172,
    "hits_at_10pct": 60,
    "precision_at_k_at_10pct": 0.3488372093023256,
    "recall_at_k_at_10pct": 0.32608695652173914,
    "hits_at_k_at_10pct": 1.0
  },
  "runtime_sec": 0.7699999809265137,
  "created_at": "2026-05-17 14:56:35"
}